0.015101,
-0.26604,
-0.55424,
-0.84533,
-1.1346,
-1.4169,
-1.6869,
-1.9389,
-2.1674,
-2.3669,
-2.5326,
-2.6602,
-2.7464,
-2.789,
-2.7871,
-2.7413,
-2.65, 
-2.529,
-2.372,
-2.19,
-1.9915,
-1.7859,
-1.5834,
-1.3947,
-1.2303,
-1.1004,
-1.0144,
-0.98038,
-1.005,
-1.0927,
-1.2459,
-1.4644,
-1.7456,
-2.0844,
-2.473,
-2.9018,
-3.3591,
-3.8316,
-4.3053,
-4.7651,
-5.196,
-5.5836,
-5.914,
-6.175,
-6.3562,
-6.4492,
-6.4486,
-6.3511,
-6.1568,
-5.8685,
-5.4916,
-5.0344,
-4.5077,
-3.9239,
-3.2976,
-2.6442,
-1.98,
-1.3215,
-0.68468,
-0.085091,
0.46315,
0.94753,
1.3576,
1.6854,
1.9254,
2.075,
2.1346,
2.107,
1.9979,
1.8153,
1.5692,
1.271,
0.93348,
0.5699,
0.19381,
-0.18155,
-0.54369,
-0.8812,
-1.1841,
-1.4442,
-1.6549,
-1.8118,
-1.9122,
-1.9555,
-1.943,
-1.8776,
-1.7639,
-1.6075,
-1.4153,
-1.1945,
0.95278,
-0.69781,
-0.43686,
-0.17671,
0.076608,
0.31795,
0.54315,
0.74913,
0.93386,
1.0964,
1.2369,
1.3565,
1.4572,
1.5419,
1.6144,
1.6789,
1.7404,
1.8042,
1.8759,
1.9611,
2.0656,
2.1944,
2.3523,
2.5433,
2.7707,
3.0368,
3.3426,
3.6883,
4.0726,
4.493,
4.9459,
5.4262,
5.9276,
6.4427,
6.9632,
7.4797,
7.9821,
8.46,
8.9026,
9.2995,
9.6405,
9.9162,
10.119,
10.241,
10.279,
10.23,
10.092,
9.8683,
9.5621,
9.1803,
8.7313,
8.2261,
7.6772,
7.0987,
6.5056,
5.9133,
5.3373,
4.7923,
4.2921,
3.8491,
3.4737,
3.1742,
2.9565,
2.8241,
2.778,
2.8168,
2.9366,
3.1317,
3.3946,
3.7164,
4.0872,
4.4966,
4.9341,
5.3894,
5.8528,
6.3157,
6.7705,
7.211,
7.6323,
8.031,
8.4048,
8.7526,
9.0744,
9.3704,
9.6415,
9.8882,
10.111,
10.308,
10.479,
10.622,
10.731,
10.804,
10.835,
10.819,
10.751,
10.628,
10.447,
10.206,
9.9058,
9.5479,
9.1369,
8.679,
8.1826,
7.5,
7.1172,
6.5734,
6.0408,
5.5338,
5.0666,
4.6526,
4.3039,
4.0305,
3.8402,
3.738,
3.7259,
3.8032,
3.9664,
4.2092,
4.5235,
4.8995,
5.3261,
5.7917,
6.2847,
6.7934,
7.3072,
7.8162,
8.3118,
8.7868,
9.2354,
9.6531,
10.037,
10.385,
10.696,
10.971,
11.209,
11.41,
11.577,
11.71,
11.809,
11.875,
11.908,
11.907,
11.872,
11.802,
11.697,
11.555,
11.376,
11.159,
10.906,
10.616,
10.291,
9.9326,
9.5432,
9.1267,
8.6875,
8.2308,
7.7631,
7.2911,
6.8227,
6.3658,
5.929,
5.5208,
5.1496,
4.8233,
4.5489,
4.3326,
4.1789,
4.0907,
4.0693,
4.1135,
4.2205,
4.3851,
4.6001,
4.8563,
5.143,
5.4478,
5.7576,
6.0585,
6.3364,
6.5779,
6.7702,
6.902,
6.9635,
6.9471,
6.8476,
6.6619,
6.3895,
6.0325,
5.5947,
5.0825,
4.5034,
3.8665,
3.1818,
2.4596,
1.7105,
0.94452,
0.17154,
-0.59961,
-1.361,
-2.1059,
-2.8285,
-3.5246,
-4.1907,
-4.8245,
-5.4243,
-5.9891,
-6.5183,
-7.0116,
-7.4686,
-7.8892,
-8.2729,
-8.619,
-8.9268,
-9.1951,
-9.4228,
-9.6087,
-9.7517,
-9.851,
-9.9064,
-9.9179,
-9.8863,
-9.8131,
-9.7003,
-9.5505,
-9.3667,
-9.1523,
-8.9109,
-8.6463,
-8.3617,
-8.0605,
-7.7453,
-7.4181,
-7.0802,
-6.7322,
-6.3738,
-6.0041,
-5.6216,
-5.2243,
-4.81,
-4.3767,
-3.9223,
-3.4453,
-2.9451,
-2.422,
-1.8774,
-1.314,
-0.73586,
-0.14802,
0.44322,
1.0307,
1.6064,
2.1622,
2.6893,
3.1795,
3.6248,
4.0184,
4.3543,
4.6282,
4.8372,
4.9802,
5.058,
5.0729,
5.029,
4.9321,
4.7891,
4.6079,
4.3972,
4.166,
3.923,
3.6768,
3.4349,
3.2041,
2.9901,
2.7973,
2.6289,
2.4869,
2.3723,
2.2849,
2.2237,
2.1868,
2.1719,
2.176,
2.1959,
2.2285,
2.2701,
2.3174,
2.3671,
2.4162,
2.4614,
2.5002,
2.5298,
2.5477,
2.5512,
2.5377,
2.5044,
2.4485,
2.3671,
2.2571,
2.1158,
1.9406,
1.7293,
1.4805,
1.1931,
0.8673,
0.50402,
0.10533,
-0.32559,
-0.78453,
-1.2665,
-1.7657,
-2.2762,
-2.792,
-3.3076,
-3.8176,
-4.3176,
-4.8039,
-5.2731,
-5.7226,
-6.1501,
-6.5531,
-6.9295,
-7.2768,
-7.592,
-7.8719,
-8.1129,
-8.3107,
-8.4607,
-8.5581,
-8.5978,
-8.5749,
-8.4846,
-8.323,
-8.0873,
-7.7761,
-7.3898,
-6.9314,
-6.4063,
-5.8227,
-5.1916,
-4.5267,
-3.8438,
-3.1609,
-2.497,
-1.8717,
-1.3044,
-0.81359,
-0.41587,
-0.12551,
0.046287,
0.091778,
0.0069799,
-0.20821,
-0.55002,
-1.011,
-1.5804,
-2.2443,
-2.9864,
-3.7885,
-4.631,
-5.4936,
-6.3561,
-7.1986,
-8.0025,
-8.7511,
-9.4292,
-10.024,
-10.526,
-10.926,
-11.219,
-11.404,
-11.479,
-11.445,
-11.308,
-11.072,
-10.744,
-10.333,
-9.8475,
-9.2986,
-8.6968,
-8.0534,
-7.3801,
-6.6885,
-5.9905,
-5.2973,
-4.6201,
-3.9693,
-3.3548,
-2.7855,
-2.2694,
-1.8133,
-1.4227,
-1.1015,
-0.85248,
-0.6766,
-0.57347,
-0.54123,
-0.57663,
-0.67513,
-0.83102,
-1.0376,
-1.2872,
-1.5718,
-1.883,
-2.2122,
-2.5513,
-2.8926,
-3.2294,
-3.5558,
-3.8669,
-4.159,
-4.4295,
-4.6769,
-4.9008,
-5.1014,
-5.28,
-5.4383,
-5.5781,
-5.7019,
-5.8119,
-5.91,
-5.998,
-6.0773,
-6.1487,
-6.2126,
-6.2689,
-6.317,
-6.356,
-6.3849,
-6.4024,
-6.4076,
-6.3999,
-6.3789,
-6.3449,
-6.2988,
-6.2422,
-6.1774,
-6.1073,
-6.0357,
-5.9669,
-5.9057,
-5.8576,
-5.8277,
-5.8215,
-5.8437,
-5.8984,
-5.9888,
-6.1169,
-6.2835,
-6.4876,
-6.727,
-6.998,
-7.2952,
-7.6121,
-7.9409,
-8.2726,
-8.5978,
-8.9061,
-9.1876,
-9.432,
-9.63,
-9.773,
-9.854,
-9.8672,
-9.8092,
-9.6781,
-9.4746,
-9.2011,
-8.8621,
-8.464,
-8.0147,
-7.5236,
-7.0011,
-6.4585,
-5.9079,
-5.3615,
-4.8314,
-4.3298,
-3.8678,
-3.4557,
-3.1026,
-2.8164,
-2.6032,
-2.4676,
-2.4126,
-2.4396,
-2.5484,
-2.7375,
-3.004,
-3.344,
-3.7528,
-4.225,
-4.7545,
-5.3352,
-5.9607,
-6.6245,
-7.3205,
-8.0427,
-8.7854,
-9.5436,
-10.313,
-11.089,
-11.868,
-12.648,
-13.427,
-14.2,
-14.968,
-15.726,
-16.474,
-17.208,
-17.925,
-18.623,
-19.298,
-19.946,
-20.564,
-21.147,
-21.693,
-22.197,
-22.656,
-23.068,
-23.432,
-23.744,
-24.006,
-24.217,
-24.378,
-24.491,
-24.558,
-24.583,
-24.569,
-24.519,
-24.439,
-24.332,
-24.203,
-24.056,
-23.897,
-23.73,
-23.561,
-23.392,
-23.229,
-23.074,
-22.933,
-22.806,
-22.697,
-22.606,
-22.535,
-22.483,
-22.449,
-22.431,
-22.425,
-22.428,
-22.433,
-22.434,
-22.425,
-22.398,
-22.345,
-22.259,
-22.132,
-21.958,
-21.731,
-21.448,
-21.106,
-20.704,
-20.244,
-19.729,
-19.164,
-18.557,
-17.916,
-17.252,
-16.574,
-15.896,
-15.229,
-14.583,
-13.97,
-13.4,
-12.88,
-12.417,
-12.015,
-11.676,
-11.402,
-11.19,
-11.037,
-10.939,
-10.89,
-10.881,
-10.903,
-10.946,
-11,
-11.052,
-11.091,
-11.107,
-11.091,
-11.035,
-10.935,
-10.791,
-10.603,
-10.379,
-10.128,
-9.8629,
-9.599,
-9.3534,
-9.1442,
-8.9891,
-8.9049,
-8.9061,
-9.0045,
-9.2085,
-9.5231,
-9.9491,
-10.484,
-11.122,
-11.855,
-12.671,
-13.558,
-14.503,
-15.489,
-16.503,
-17.528,
-18.55,
-19.553,
-20.523,
-21.444,
-22.304,
-23.09,
-23.788,
-24.388,
-24.879,
-25.252,
-25.497,
-25.609,
-25.582,
-25.412,
-25.096,
-24.636,
-24.033,
-23.292,
-22.421,
-21.431,
-20.336,
-19.15,
-17.894,
-16.589,
-15.256,
-13.921,
-12.607,
-11.338,
-10.137,
-9.0246,
-8.019,
-7.1359,
-6.3874,
-5.7822,
-5.3251,
-5.0173,
-4.8566,
-4.8374,
-4.9512,
-5.1868,
-5.531,
-5.9687,
-6.4838,
-7.0594,
-7.6784,
-8.3237,
-8.9788,
-9.628,
-10.257,
-10.851,
-11.4,
-11.892,
-12.317,
-12.668,
-12.938,
-13.121,
-13.215,
-13.216,
-13.125,
-12.941,
-12.667,
-12.308,
-11.869,
-11.358,
-10.785,
-10.16,
-9.4981,
-8.8124,
-8.1197,
-7.4374,
-6.7846,
-6.1808,
-5.6456,
-5.198,
-4.8555,
-4.6329,
-4.5411,
-4.5869,
-4.7717,
-5.0912,
-5.5353,
-6.0883,
-6.7297,
-7.4345,
-8.1749,
-8.9216,
-9.6447,
-10.316,
-10.91,
-11.405,
-11.784,
-12.038,
-12.16,
-12.153,
-12.024,
-11.787,
-11.46,
-11.064,
-10.625,
-10.167,
-9.7162,
-9.297,
-8.9315,
-8.6387,
-8.4336,
-8.327,
-8.325,
-8.4291,
-8.6363,
-8.9394,
-9.3276,
-9.7873,
-10.302,
-10.855,
-11.428,
-12.002,
-12.56,
-13.087,
-13.569,
-13.995,
-14.355,
-14.646,
-14.863,
-15.007,
-15.081,
-15.088,
-15.036,
-14.93,
-14.781,
-14.595,
-14.383,
-14.15,
-13.906,
-13.656,
-13.405,
-13.158,
-12.917,
-12.683,
-12.456,
-12.237,
-12.024,
-11.816,
-11.612,
-11.408,
-11.204,
-10.999,
-10.791,
-10.58,
-10.365,
-10.147,
-9.9258,
-9.703,
-9.4799,
-9.2579,
-9.0386,
-8.8233,
-8.613,
-8.4083,
-8.2089,
-8.0139,
-7.8211,
-7.6272,
-7.4279,
-7.2176,
-6.9896,
-6.7363,
-6.4491,
-6.1189,
-5.7358,
-5.2898,
-4.7709,
-4.1691,
-3.4751,
-2.6801,
-1.7762,
-0.75644,
0.3849,
1.6525,
3.0497,
4.5787,
6.2403,
8.0342,
9.959,
12.012,
14.191,
16.492,
18.912,
21.447,
24.093,
26.85,
29.713,
32.684,
35.762,
38.948,
42.245,
45.656,
49.185,
52.837,
56.616,
60.527,
64.575,
68.763,
73.094,
77.57,
80,
86.955,
91.859,
96.896,
102.06,
107.34,
112.72,
118.18,
123.72,
129.31,
134.93,
140.56,
146.18,
151.76,
157.29,
162.75,
168.11,
173.35,
178.45,
183.4,
188.18,
192.78,
197.18,
201.37,
205.34,
209.09,
212.61,
215.9,
218.94,
221.75,
224.31,
226.63,
228.71,
230.56,
232.17,
233.55,
234.72,
235.68,
236.43,
236.99,
237.37,
237.58,
237.64,
237.55,
237.34,
237,
236.56,
236.03,
235.42,
234.74,
234,
233.21,
232.38,
231.51,
230.61,
229.68,
228.72,
227.73,
226.71,
225.64,
224.53,
223.37,
222.14,
220.84,
219.46,
217.98,
216.39,
214.69,
212.86,
210.9,
208.8,
206.56,
204.16,
201.62,
198.94,
196.11,
193.15,
190.07,
186.88,
183.58,
180.2,
176.75,
173.23,
169.68,
166.1,
162.5,
158.91,
155.33,
151.77,
148.24,
144.75,
141.3,
137.9,
134.55,
131.25,
127.99,
124.78,
121.61,
118.46,
115.34,
112.24,
109.14,
106,
102.92,
99.781,
96.612,
93.404,
90.152,
86.849,
83.494,
80.084,
76.621,
73.107,
69.547,
65.948,
62.319,
58.668,
55.007,
51.348,
47.705,
44.09,
40.517,
36.999,
33.548,
30.175,
26.892,
23.708,
20.63,
17.667,
14.823,
12.103,
9.5111,
7.0495,
4.7193,
2.5212,
0.45467,
-1.4816,
-3.2896,
-4.9723,
-6.5335,
-7.978,
-9.3113,
-10.54,
-11.671,
-12.714,
-13.676,
-14.569,
-15.402,
-16.186,
-16.933,
-17.655,
-18.365,
-19.073,
-19.793,
-20.535,
-21.311,
-22.131,
-23.003,
-23.935,
-24.935,
-26.007,
-27.155,
-28.381,
-29.686,
-31.068,
-32.524,
-34.05,
-35.64,
-37.285,
-38.979,
-40.71,
-42.469,
-44.245,
-46.028,
-47.805,
-49.567,
-51.303,
-53.004,
-54.661,
-56.267,
-57.815,
-59.301,
-60.722,
-62.076,
-63.363,
-64.584,
-65.744,
-66.845,
-67.894,
-68.895,
-69.854,
-70.778,
-71.672,
-72.541,
-73.389,
-74.22,
-75.036,
-75.837,
-76.624,
-77.394,
-78.145,
-78.874,
-79.576,
-80.246,
-80.88,
-81.473,
-82.02,
-82.518,
-82.966,
-83.363,
-83.71,
-84.011,
-84.271,
-84.496,
-84.695,
-84.878,
-85.056,
-85.241,
-85.444,
-85.676,
-85.947,
-86.266,
-86.641,
-87.075,
-87.573,
-88.135,
-88.759,
-89.442,
-90.178,
-90.96,
-91.78,
-92.63,
-93.499,
-94.378,
-95.259,
-96.133,
-96.994,
-97.837,
-98.658,
-99.454,
-100.22,
-100.97,
-101.69,
-102.39,
-103.07,
-103.73,
-104.38,
-105.01,
-105.63,
-106.24,
-106.82,
-107.39,
-107.93,
-108.45,
-108.92,
-109.36,
-109.74,
-110.08,
-110.35,
-110.55,
-110.69,
-110.75,
-110.74,
-110.66,
-110.52,
-110.31,
-110.04,
-109.72,
-109.35,
-108.95,
-108.52,
-108.08,
-107.62,
-107.16,
-106.7,
-106.26,
-105.83,
-105.41,
-105.02,
-104.65,
-104.3,
-103.97,
-103.65,
-103.35,
-103.05,
-102.76,
-102.46,
-102.17,
-101.86,
-101.54,
-101.21,
-100.87,
-100.51,
-100.13,
-99.749,
-99.359,
-98.967,
-98.582,
-98.208,
-97.856,
-97.532,
-97.245,
-97.004,
-96.814,
-96.682,
-96.613,
-96.609,
-96.673,
-96.803,
-96.998,
-97.252,
-97.56,
-97.914,
-98.306,
-98.725,
-99.161,
-99.603,
-100.04,
-100.46,
-100.86,
-101.23,
-101.56,
-101.85,
-102.08,
-102.27,
-102.41,
-102.49,
-102.53,
-102.53,
-102.48,
-102.4,
-102.29,
-102.16,
-102.02,
-101.86,
-101.7,
-101.54,
-101.39,
-101.24,
-101.11,
-100.98,
-100.87,
-100.76,
-100.65,
-100.55,
-100.45,
-100.33,
-100.21,
-100.06,
-99.881,
-99.671,
-99.422,
-99.128,
-98.787,
-98.395,
-97.951,
-97.455,
-96.907,
-96.311,
-95.671,
-94.992,
-94.282,
-93.55,
-92.803,
-92.053,
-91.311,
-90.588,
-89.895,
-89.244,
-88.645,
-88.109,
-87.643,
-87.256,
-86.953,
-86.737,
-86.612,
-86.577,
-86.632,
-86.771,
-86.991,
-87.284,
-87.642,
-88.055,
-88.512,
-89.002,
-89.513,
-90.033,
-90.549,
-91.051,
-91.527,
-91.967,
-92.364,
-92.71,
-93,
-93.229,
-93.397,
-93.503,
-93.549,
-93.538,
-93.475,
-93.366,
-93.218,
-93.04,
-92.842,
-92.632,
-92.421,
-92.218,
-92.031,
-91.87,
-91.74,
-91.646,
-91.591,
-91.575,
-91.596,
-91.65,
-91.731,
-91.829,
-91.935,
-92.036,
-92.118,
-92.168,
-92.17,
-92.112,
-91.98,
-91.761,
-91.447,
-91.03,
-90.504,
-89.869,
-89.124,
-88.276,
-87.332,
-86.301,
-85.197,
-84.034,
-82.828,
-81.596,
-80.356,
-79.123,
-77.915,
-76.745,
-75.627,
-74.571,
-73.586,
-72.679,
-71.852,
-71.107,
-70.443,
-69.859,
-69.35,
-68.911,
-68.537,
-68.223,
-67.962,
-67.749,
-67.58,
-67.452,
-67.363,
-67.312,
-67.298,
-67.324,
-67.393,
-67.508,
-67.675,
-67.898,
-68.184,
-68.538,
-68.965,
-69.466,
-70.044,
-70.699,
-71.425,
-72.219,
-73.07,
-73.97,
-74.903,
-75.855,
-76.809,
-77.746,
-78.646,
-79.49,
-80.256,
-80.927,
-81.484,
-81.911,
-82.195,
-82.326,
-82.296,
-82.103,
-81.747,
-81.232,
-80.565,
-79.759,
-78.825,
-77.781,
-76.643,
-75.431,
-74.162,
-72.857,
-71.535,
-70.213,
-68.908,
-67.636,
-66.411,
-65.244,
-64.146,
-63.126,
-62.19,
-61.343,
-60.587,
-59.924,
-59.353,
-58.873,
-58.48,
-58.169,
-57.934,
-57.768,
-57.662,
-57.607,
-57.594,
-57.611,
-57.648,
-57.693,
-57.736,
-57.767,
-57.774,
-57.75,
-57.688,
-57.581,
-57.427,
-57.224,
-56.97,
-56.669,
-56.323,
-55.938,
-55.52,
-55.077,
-54.617,
-54.147,
-53.677,
-53.214,
-52.765,
-52.337,
-51.934,
-51.562,
-51.221,
-50.914,
-50.64,
-50.397,
-50.183,
-49.995,
-49.829,
-49.681,
-49.547,
-49.425,
-49.313,
-49.208,
-49.112,
-49.023,
-48.945,
-48.879,
-48.829,
-48.797,
-48.788,
-48.804,
-48.849,
-48.923,
-49.028,
-49.163,
-49.326,
-49.513,
-49.721,
-49.944,
-50.173,
-50.402,
-50.624,
-50.83,
-51.013,
-51.168,
-51.289,
-51.372,
-51.416,
-51.419,
-51.383,
-51.311,
-51.206,
-51.075,
-50.923,
-50.756,
-50.582,
-50.408,
-50.24,
-50.083,
-49.942,
-49.821,
-49.721,
-49.642,
-49.583,
-49.541,
-49.511,
-49.488,
-49.464,
-49.43,
-49.379,
-49.302,
-49.19,
-49.034,
-48.829,
-48.566,
-48.243,
-47.855,
-47.402,
-46.883,
-46.301,
-45.661,
-44.967,
-44.229,
-43.454,
-42.652,
-41.837,
-41.018,
-40.21,
-39.424,
-38.674,
-37.97,
-37.324,
-36.745,
-36.243,
-35.823,
-35.491,
-35.249,
-35.098,
-35.038,
-35.066,
-35.176,
-35.363,
-35.619,
-35.934,
-36.297,
-36.698,
-37.125,
-37.565,
-38.006,
-38.435,
-38.842,
-39.215,
-39.546,
-39.825,
-40.046,
-40.203,
-40.294,
-40.316,
-40.271,
-40.158,
-39.983,
-39.749,
-39.464,
-39.133,
-38.766,
-38.371,
-37.956,
-37.532,
-37.107,
-36.69,
-36.29,
-35.913,
-35.566,
-35.255,
-34.981,
-34.749,
-34.559,
-34.412,
-34.305,
-34.238,
-34.207,
-34.211,
-34.244,
-34.304,
-34.388,
-34.492,
-34.612,
-34.746,
-34.89,
-35.041,
-35.195,
-35.349,
-35.5,
-35.643,
-35.776,
-35.892,
-35.988,
-36.058,
-36.098,
-36.102,
-36.065,
-35.982,
-35.85,
-35.664,
-35.424,
-35.126,
-34.773,
-34.365,
-33.906,
-33.399,
-32.85,
-32.266,
-31.654,
-31.022,
-30.379,
-29.732,
-29.09,
-28.461,
-27.853,
-27.271,
-26.72,
-26.205,
-25.728,
-25.288,
-24.886,
-24.518,
-24.182,
-23.872,
-23.582,
-23.307,
-23.039,
-22.771,
-22.496,
-22.208,
-21.9,
-21.566,
-21.203,
-20.807,
-20.376,
-19.911,
-19.413,
-18.884,
-18.329,
-17.753,
-17.163,
-16.567,
-15.973,
-15.389,
-14.824,
-14.287,
-13.785,
-13.325,
-12.914,
-12.555,
-12.251,
-12.003,
-11.81,
-11.67,
-11.578,
-11.529,
-11.517,
-11.534,
-11.573,
-11.626,
-11.686,
-11.747,
-11.803,
-11.848,
-11.879,
-11.893,
-11.891,
-11.871,
-11.835,
-11.787,
-11.727,
-11.662,
-11.593,
-11.525,
-11.461,
-11.405,
-11.357,
-11.32,
-11.294,
-11.277,
-11.268,
-11.264,
-11.262,
-11.26,
-11.251,
-11.234,
-11.204,
-11.157,
-11.09,
-11.001,
-10.889,
-10.751,
-10.589,
-10.402,
-10.193,
-9.9632,
-9.7161,
-9.4547,
-9.1824,
-8.9029,
-8.6197,
-8.3363,
-8.0554,
-7.7794,
-7.5098,
-7.2475,
-6.9924,
-6.7436,
-6.4994,
-6.2573,
-6.0145,
-5.7675,
-5.5128,
-5.2468,
-4.9663,
-4.6685,
-4.3514,
-4.0137,
-3.6552,
-3.2766,
-2.8796,
-2.4665,
-2.0406,
-1.6054,
-1.1647,
-0.72241,
-0.28198,
0.15354,
0.58184,
1.0015,
1.4121,
1.8142,
2.2091,
2.5993,
2.9876,
3.3772,
3.7717,
4.1745,
4.5885,
5.0162,
5.4594,
5.9185,
6.393,
6.8812,
7.3799,
7.8851,
8.3914,
8.8927,
9.3822,
9.8527,
10.297,
10.709,
11.082,
11.411,
11.692,
11.923,
12.104,
12.234,
12.317,
12.356,
12.355,
12.32,
12.258,
12.174,
12.075,
11.968,
11.858,
11.75,
11.648,
11.556,
11.475,
11.407,
11.351,
11.304,
11.266,
11.231,
11.197,
11.157,
11.109,
11.048,
10.971,
10.876,
10.761,
10.628,
10.478,
10.314,
10.141,
9.9652,
9.7938,
9.6351,
9.498,
9.3918,
9.3258,
9.309,
9.3493,
9.4534,
9.6261,
9.8701,
10.185,
10.569,
11.015,
11.514,
12.056,
12.625,
13.206,
13.781,
14.33,
14.836,
15.279,
15.643,
15.912,
16.074,
16.119,
16.041,
15.839,
15.515,
15.075,
14.529,
13.891,
13.178,
12.407,
11.601,
10.781,
9.9678,
9.185,
8.4531,
7.7918,
7.2185,
6.748,
6.3922,
6.1596,
6.0548,
6.0788,
6.229,
6.499,
6.8791,
7.3568,
7.9171,
8.5431,
9.2169,
9.92,
10.634,
11.342,
12.028,
12.679,
13.282,
13.83,
14.317,
14.739,
15.098,
15.395,
15.634,
15.822,
15.967,
16.076,
16.158,
16.222,
16.276,
16.326,
16.381,
16.444,
16.522,
16.615,
16.727,
16.858,
17.006,
17.171,
17.349,
17.536,
17.728,
17.922,
18.111,
18.291,
18.456,
18.603,
18.725,
18.819,
18.881,
18.909,
18.9,
18.853,
18.768,
18.645,
18.486,
18.295,
18.074,
17.827,
17.56,
17.278,
16.985,
16.687,
16.39,
16.096,
15.811,
15.537,
15.275,
15.028,
14.794,
14.573,
14.361,
14.157,
13.955,
13.752,
13.543,
13.323,
13.088,
12.834,
12.557,
12.255,
11.928,
11.575,
11.199,
10.802,
10.389,
9.9651,
9.5365,
9.1104,
8.6943,
8.296,
7.9231,
7.5827,
7.2816,
7.0255,
6.8189,
6.6655,
6.5674,
6.5256,
6.5397,
6.6082,
6.7285,
6.8968,
7.1089,
7.3598,
7.6443,
7.957,
8.2929,
8.6468,
9.0142,
9.3909,
9.773,
10.157,
10.541,
10.922,
11.297,
11.665,
12.025,
12.374,
12.711,
13.035,
13.344,
13.636,
13.911,
14.166,
14.401,
14.613,
14.801,
14.965,
15.102,
15.213,
15.298,
15.357,
15.391,
15.401,
15.39,
15.36,
15.314,
15.257,
15.192,
15.124,
15.057,
14.997,
14.948,
14.914,
14.9,
14.909,
14.944,
15.007,
15.101,
15.226,
15.384,
15.574,
15.795,
16.047,
16.327,
16.632,
16.961,
17.309,
17.672,
18.045,
18.425,
18.805,
19.181,
19.548,
19.899,
20.231,
20.537,
20.815,
21.059,
21.268,
21.438,
21.568,
21.658,
21.708,
21.721,
21.698,
21.643,
21.562,
21.459,
21.34,
21.213,
21.084,
20.958,
20.844,
20.745,
20.668,
20.618,
20.596,
20.607,
20.649,
20.724,
20.829,
20.961,
21.116,
21.289,
21.474,
21.665,
21.856,
22.04,
22.212,
22.367,
22.498,
22.603,
22.678,
22.719,
22.727,
22.7,
22.639,
22.546,
22.424,
22.277,
22.11,
21.929,
21.74,
21.549,
21.363,
21.188,
21.031,
20.898,
20.795,
20.727,
20.7,
20.717,
20.782,
20.899,
21.071,
21.298,
21.584,
21.928,
22.33,
22.791,
23.309,
23.882,
24.508,
25.182,
25.902,
26.66,
27.453,
28.273,
29.112,
29.962,
30.816,
31.663,
32.495,
33.302,
34.077,
34.811,
35.497,
36.128,
36.699,
37.207,
37.647,
38.018,
38.317,
38.544,
38.699,
38.782,
38.794,
38.738,
38.617,
38.435,
38.196,
37.906,
37.574,
37.207,
36.814,
36.406,
35.993,
35.588,
35.201,
34.843,
34.525,
34.256,
34.042,
33.889,
33.802,
33.78,
33.825,
33.931,
34.096,
34.313,
34.574,
34.869,
35.189,
35.524,
35.862,
36.191,
36.501,
36.781,
37.02,
37.21,
37.343,
37.412,
37.413,
37.343,
37.2,
36.986,
36.703,
36.355,
35.948,
35.489,
34.985,
34.446,
33.88,
33.298,
32.708,
32.121,
31.545,
30.989,
30.463,
29.973,
29.526,
29.129,
28.785,
28.499,
28.274,
28.11,
28.009,
27.972,
27.995,
28.079,
28.22,
28.415,
28.66,
28.951,
29.283,
29.652,
30.052,
30.478,
30.926,
31.391,
31.869,
32.354,
32.844,
33.333,
33.819,
34.297,
34.764,
35.218,
35.654,
36.069,
36.462,
36.828,
37.166,
37.473,
37.747,
37.986,
38.191,
38.359,
38.491,
38.587,
38.648,
38.676,
38.672,
38.639,
38.578,
38.493,
38.384,
38.255,
38.108,
37.944,
37.767,
37.578,
37.381,
37.177,
36.97,
36.762,
36.557,
36.356,
36.163,
35.98,
35.81,
35.654,
35.514,
35.393,
35.29,
35.206,
35.14,
35.092,
35.061,
35.042,
35.034,
35.032,
35.034,
35.035,
35.031,
35.02,
34.998,
34.966,
34.921,
34.864,
34.797,
34.722,
34.642,
34.562,
34.485,
34.415,
34.358,
34.317,
34.294,
34.292,
34.312,
34.354,
34.416,
34.496,
34.59,
34.693,
34.8,
34.906,
35.005,
35.092,
35.162,
35.212,
35.238,
35.24,
35.219,
35.174,
35.111,
35.032,
34.943,
34.849,
34.756,
34.671,
34.598,
34.544,
34.513,
34.508,
34.533,
34.587,
34.673,
34.788,
34.93,
35.095,
35.281,
35.481,
35.689,
35.9,
36.108,
36.307,
36.49,
36.653,
36.792,
36.903,
36.984,
37.032,
37.048,
37.031,
36.982,
36.903,
36.797,
36.665,
36.511,
36.338,
36.149,
35.946,
35.732,
35.51,
35.281,
35.047,
34.807,
34.561,
34.31,
34.053,
33.787,
33.512,
33.227,
32.93,
32.62,
32.297,
31.958,
31.605,
31.237,
30.854,
30.458,
30.05,
29.631,
29.203,
28.769,
28.331,
27.892,
27.455,
27.022,
26.598,
26.185,
25.787,
25.407,
25.049,
24.716,
24.411,
24.139,
23.902,
23.702,
23.542,
23.425,
23.349,
23.317,
23.326,
23.377,
23.467,
23.592,
23.751,
23.938,
24.148,
24.378,
24.622,
24.874,
25.13,
25.383,
25.629,
25.864,
26.083,
26.282,
26.459,
26.61,
26.734,
26.83,
26.896,
26.932,
26.938,
26.914,
26.862,
26.782,
26.676,
26.546,
26.395,
26.226,
26.043,
25.85,
25.652,
25.454,
25.262,
25.083,
24.921,
24.783,
24.675,
24.601,
24.566,
24.574,
24.627,
24.726,
24.872,
25.064,
25.3,
25.578,
25.892,
26.237,
26.606,
26.993,
27.388,
27.783,
28.169,
28.536,
28.877,
29.181,
29.442,
29.654,
29.81,
29.908,
29.946,
29.923,
29.842,
29.707,
29.523,
29.298,
29.04,
28.761,
28.469,
28.177,
27.896,
27.636,
27.409,
27.224,
27.087,
27.007,
26.986,
27.026,
27.129,
27.291,
27.509,
27.778,
28.09,
28.436,
28.809,
29.199,
29.596,
29.992,
30.379,
30.749,
31.096,
31.414,
31.701,
31.953,
32.17,
32.352,
32.5,
32.616,
32.702,
32.763,
32.802,
32.824,
32.832,
32.83,
32.823,
32.814,
32.807,
32.806,
32.812,
32.83,
32.861,
32.907,
32.97,
33.049,
33.147,
33.261,
33.392,
33.536,
33.692,
33.854,
34.019,
34.179,
34.329,
34.461,
34.567,
34.638,
34.666,
34.642,
34.559,
34.408,
34.184,
33.882,
33.498,
33.03,
32.481,
31.852,
31.148,
30.379,
29.552,
28.68,
27.777,
26.857,
25.937,
25.032,
24.159,
23.333,
22.567,
21.875,
21.267,
20.75,
20.328,
20.004,
19.777,
19.642,
19.594,
19.624,
19.72,
19.872,
20.065,
20.288,
20.525,
20.765,
20.995,
21.204,
21.385,
21.529,
21.633,
21.694,
21.712,
21.69,
21.632,
21.543,
21.43,
21.3,
21.161,
21.021,
20.886,
20.762,
20.654,
20.565,
20.498,
20.452,
20.427,
20.419,
20.425,
20.441,
20.461,
20.479,
20.491,
20.491,
20.476,
20.443,
20.391,
20.318,
20.228,
20.122,
20.006,
19.886,
19.769,
19.662,
19.572,
19.508,
19.477,
19.484,
19.534,
19.631,
19.776,
19.968,
20.205,
20.483,
20.797,
21.139,
21.503,
21.878,
22.257,
22.631,
22.991,
23.332,
23.648,
23.933,
24.187,
24.407,
24.595,
24.752,
24.883,
24.993,
25.086,
25.169,
25.25,
25.336,
25.432,
25.547,
25.685,
25.853,
26.053,
26.289,
26.562,
26.874,
27.222,
27.605,
28.02,
28.464,
28.93,
29.413,
29.907,
30.404,
30.896,
31.376,
31.836,
32.27,
32.669,
33.029,
33.344,
33.612,
33.83,
33.998,
34.117,
34.189,
34.22,
34.213,
34.177,
34.116,
34.039,
33.952,
33.863,
33.776,
33.698,
33.631,
33.576,
33.535,
33.504,
33.481,
33.46,
33.436,
33.4,
33.345,
33.264,
33.147,
32.99,
32.785,
32.528,
32.217,
31.852,
31.433,
30.965,
30.451,
29.898,
29.315,
28.709,
28.091,
27.471,
26.856,
26.257,
25.681,
25.136,
24.626,
24.156,
23.729,
23.347,
23.011,
22.719,
22.472,
22.268,
22.106,
21.983,
21.899,
21.853,
21.843,
21.869,
21.93,
22.027,
22.157,
22.321,
22.516,
22.74,
22.99,
23.262,
23.55,
23.85,
24.152,
24.45,
24.735,
24.998,
25.229,
25.419,
25.559,
25.641,
25.66,
25.608,
25.484,
25.285,
25.012,
24.668,
24.258,
23.789,
23.27,
22.712,
22.125,
21.523,
20.918,
20.323,
19.749,
19.208,
18.709,
18.26,
17.866,
17.531,
17.257,
17.043,
16.885,
16.779,
16.717,
16.691,
16.691,
16.707,
16.729,
16.745,
16.745,
16.721,
16.666,
16.572,
16.438,
16.261,
16.041,
15.782,
15.487,
15.164,
14.819,
14.461,
14.099,
13.742,
13.401,
13.084,
12.799,
12.553,
12.353,
12.203,
12.107,
12.067,
12.083,
12.154,
12.278,
12.454,
12.676,
12.942,
13.247,
13.587,
13.96,
14.36,
14.787,
15.236,
15.707,
16.199,
16.71,
17.241,
17.791,
18.36,
18.947,
19.552,
20.173,
20.809,
21.457,
22.114,
22.776,
23.439,
24.096,
24.743,
25.373,
25.978,
26.554,
27.093,
27.589,
28.036,
28.43,
28.767,
29.042,
29.253,
29.399,
29.479,
29.493,
29.442,
29.326,
29.149,
28.913,
28.619,
28.272,
27.873,
27.427,
26.935,
26.402,
25.83,
25.222,
24.583,
23.915,
23.223,
22.511,
21.785,
21.05,
20.31,
19.573,
18.843,
18.127,
17.43,
16.757,
16.114,
15.503,
14.928,
14.39,
13.89,
13.428,
13,
12.605,
12.239,
11.896,
11.571,
11.26,
10.956,
10.655,
10.352,
10.043,
9.7266,
9.4009,
9.0659,
8.7231,
8.3752,
8.0258,
7.6798,
7.3425,
7.0199,
6.7181,
6.4429,
6.1996,
5.9931,
5.827,
5.7039,
5.6253,
5.5914,
5.6015,
5.6535,
5.7448,
5.8718,
6.0304,
6.2162,
6.4245,
6.6503,
6.8891,
7.1363,
7.3876,
7.639,
7.8871,
8.1289,
8.3615,
8.5825,
8.7897,
8.9812,
9.1551,
9.3096,
9.4429,
9.5534,
9.6395,
9.6999,
9.7336,
9.7398,
9.7186,
9.6705,
9.5971,
9.5007,
9.3844,
9.2524,
9.1097,
8.9618,
8.8152,
8.6765,
8.5529,
8.4512,
8.3784,
8.3408,
8.3438,
8.3922,
8.489,
8.6362,
8.8339,
9.0802,
9.3717,
9.703,
10.067,
10.454,
10.854,
11.256,
11.647,
12.014,
12.346,
12.628,
12.852,
13.007,
13.085,
13.083,
12.996,
12.828,
12.58,
12.261,
11.88,
11.45,
10.984,
10.499,
10.012,
9.5389,
9.0975,
8.7029,
8.3691,
8.1077,
7.9275,
7.8344,
7.8308,
7.9161,
8.0863,
8.3342,
8.6503,
9.0229,
9.4386,
9.8834,
10.343,
10.804,
11.253,
11.679,
12.074,
12.431,
12.745,
13.013,
13.235,
13.411,
13.545,
13.639,
13.698,
13.727,
13.73,
13.713,
13.68,
13.637,
13.588,
13.537,
13.488,
13.444,
13.409,
13.385,
13.377,
13.387,
13.42,
13.478,
13.568,
13.694,
13.86,
14.071,
14.33,
14.641,
15.006,
15.424,
15.894,
16.413,
16.975,
17.573,
18.197,
18.836,
19.477,
20.106,
20.708,
21.268,
21.772,
22.204,
22.551,
22.802,
22.947,
22.979,
22.894,
22.69,
22.369,
21.936,
21.4,
20.772,
20.066,
19.297,
18.483,
17.645,
16.801,
15.971,
15.175,
14.431,
13.754,
13.159,
12.656,
12.253,
11.955,
11.763,
11.674,
11.685,
11.785,
11.964,
12.209,
12.507,
12.84,
13.195,
13.554,
13.904,
14.231,
14.523,
14.77,
14.964,
15.1,
15.172,
15.18,
15.124,
15.005,
14.828,
14.597,
14.317,
13.995,
13.635,
13.244,
12.827,
12.389,
11.934,
11.465,
10.983,
10.489,
9.9838,
9.4668,
8.9371,
8.3934,
7.8347,
7.2601,
6.6694,
6.0628,
5.4416,
4.8081,
4.1653,
3.5174,
2.8691,
2.2258,
1.5935,
0.97808,
0.38555,
-0.17841,
-0.70857,
-1.2004,
-1.6504,
-2.0558,
-2.4152,
-2.7285,
-2.9967,
-3.2219,
-3.4076,
-3.558,
-3.6779,
-3.773,
-3.8487,
-3.9104,
-3.9632,
-4.0114,
-4.0585,
-4.1069,
-4.158,
-4.2125,
-4.27,
-4.3296,
-4.3896,
-4.4482,
-4.5035,
-4.5534,
-4.5958,
-4.6289,
-4.6512,
-4.6614,
-4.6586,
-4.642,
-4.6111,
-4.5655,
-4.505,
-4.4293,
-4.3381,
-4.2306,
-4.1063,
-3.9642,
-3.8032,
-3.6222,
-3.4202,
-3.196,
-2.9493,
-2.6801,
-2.3892,
-2.0783,
-1.7502,
-1.4086,
-1.0584,
-0.70527,
-0.35574,
-0.016735,
0.30458,
0.60118,
0.86644,
1.0945,
1.2805,
1.4209,
1.5137,
1.558,
1.5549,
1.5065,
1.4164,
1.2892,
1.1304,
0.94589,
0.74196,
0.52482,
0.30029,
0.073545,
-0.15113,
-0.37053,
-0.58264,
-0.78666,
-0.98298,
-1.173,
-1.3592,
-1.5445,
-1.7324,
-1.9265,
-2.1303,
-2.3469,
-2.5785,
-2.8265,
-3.0913,
-3.3719,
-3.6661,
-3.9704,
-4.2802,
-4.5898,
-4.8928,
-5.1822,
-5.4505,
-5.6902,
-5.8942,
-6.0557,
-6.1686,
-6.2278,
-6.2292,
-6.1702,
-6.0491,
-5.8659,
-5.6215,
-5.3182,
-4.9594,
-4.5495,
-4.0935,
-3.5972,
-3.0668,
-2.5087,
-1.9295,
-1.3355,
-0.733,
-0.12781,
0.47467,
1.0695,
1.6524,
2.2193,
2.7668,
3.2917,
3.7914,
4.2632,
4.7048,
5.1137,
5.4877,
5.8247,
6.1223,
6.3786,
6.592,
6.7612,
6.8859,
6.9664,
7.0041,
7.0015,
6.9623,
6.8914,
6.7949,
6.6798,
6.5536,
6.4248,
6.3018,
6.1928,
6.1059,
6.0479,
6.0249,
6.0413,
6.0997,
6.2009,
6.3436,
6.5246,
6.7384,
6.9778,
7.2341,
7.4971,
7.7559,
7.999,
8.2152,
8.3935,
8.5238,
8.5972,
8.6067,
8.5467,
8.414,
8.2071,
7.9268,
7.576,
7.1595,
6.6839,
6.1574,
5.5894,
4.9903,
4.3708,
3.7423,
3.1157,
2.5015,
1.9095,
1.3484,
0.82568,
0.34693,
-0.084018,
-0.4655,
-0.7981,
-1.0847,
-1.3304,
-1.5421,
-1.7287,
-1.8998,
-2.0658,
-2.2368,
-2.4221,
-2.6297,
-2.8653,
-3.1324,
-3.4314,
-3.7597,
-4.1116,
-4.4784,
-4.8486,
-5.2085,
-5.5423,
-5.8333,
-6.0643,
-6.2184,
-6.28,
-6.2355,
-6.0739,
-5.7877,
-5.3733,
-4.8313,
-4.1666,
-3.3883,
-2.5096,
-1.5471,
-0.52035,
0.54889,
1.6375,
2.722,
3.7791,
4.7866,
5.7242,
6.5743,
7.3221,
7.9563,
8.4689,
8.856,
9.1171,
9.2549,
9.2756,
9.1879,
9.0031,
8.7343,
8.3961,
8.0042,
7.5748,
7.1245,
6.6694,
6.225,
5.8058,
5.425,
5.0942,
4.8227,
4.6182,
4.4858,
4.4284,
4.4464,
4.5379,
4.6991,
4.9238,
5.2042,
5.531,
5.8938,
6.2812,
6.6815,
7.0827,
7.4733,
7.8422,
8.1792,
8.4752,
8.7224,
8.9147,
9.0474,
9.1177,
9.1242,
9.0674,
8.9493,
8.773,
8.5427,
8.2636,
7.9411,
7.5813,
7.1903,
6.7741,
6.3387,
5.8898,
5.4331,
4.9737,
4.5166,
4.0663,
3.627,
3.2024,
2.7961,
2.4108,
2.049,
1.7124,
1.4024,
1.1196,
0.8641,
0.63541,
0.4324,
0.25338,
0.096054,
-0.042391,
